value,frequency
1,0.07547169811
2,0.07547169811
3,0.07547169811
4,0.07547169811
5,0.07547169811
6,0.07547169811
7,0.07547169811
8,0.07547169811
9,0.07547169811
10,0.3018867925