value,frequency
1,0.01176470588
2,0.01176470588
3,0.01176470588
4,0.01176470588
5,0.01176470588
6,0.01176470588
7,0.01176470588
8,0.01176470588
9,0.01176470588
10,0.04705882353